GEO.id,Id
GEO.id2,Id2
GEO.display-label,Geography
GCT_STUB.target-geo-id,Target Geo Id
GCT_STUB.target-geo-id2,Target Geo Id2
GCT_STUB.display-label,Geographic area,GCT_STUB.display-label
HD01,Total housing units
HD02,Occupied housing units
SUBHD0301,Vacant housing units - Total
SUBHD030201,Vacant housing units - Percent - For sale only
SUBHD030202,Vacant housing units - Percent - For rent
SUBHD030303,"Vacant housing units - Percent - Seasonal, recreational, or occasional use"
SUBHD0401,Vacancy rate - Homeowner [1]
SUBHD0402,Vacancy rate - Rental [2]
